{"schemaVersion":"1.0","appDefinitionTemplate":{"id":"/providers/Microsoft.PowerApps/apps/","type":"Microsoft.PowerApps/apps","tags":{"primaryDeviceWidth":"1366","primaryDeviceHeight":"768","sienaVersion":"20200929T022815Z-3.20081.26.0","deviceCapabilities":"","supportsPortrait":"false","supportsLandscape":"true","primaryFormFactor":"Tablet","publisherVersion":"3.20081.26","minimumRequiredApiVersion":"2.2.0","hasComponent":"true","hasUnlockedComponent":"true","isUnifiedRootApp":"false"},"properties":{"appVersion":"2020-09-29T02:28:15Z","lifeCycleId":"Published","createdByClientVersion":{"major":3,"minor":20081,"build":26,"revision":0,"majorRevision":0,"minorRevision":0},"minClientVersion":{"major":3,"minor":20081,"build":26,"revision":0,"majorRevision":0,"minorRevision":0},"backgroundColor":"rgba(0, 176, 240, 1)","backgroundImageUri":"/16830917287777659826/N10863cb6-e67f-4942-bd9c-c79a14cf4b20-logoSmallFile","displayName":"School Transformation Survey","description":"","commitMessage":"","appUris":{"documentUri":{"value":"/16830917287777659826/N7c2054ea-876c-4a85-854c-403e5a1cd2de-document.msapp","readonlyValue":"/16830917287777659826/N7c2054ea-876c-4a85-854c-403e5a1cd2de-document.msapp"},"imageUris":[]},"createdTime":"0001-01-01T00:00:00Z","lastModifiedTime":"0001-01-01T00:00:00Z","sharedGroupsCount":0,"sharedUsersCount":0,"icons":{"smallIconUri":"/16830917287777659826/N1f45bb05-181b-4c7f-867f-52fd3fe4d333-small.png","mediumIconUri":"/16830917287777659826/N05ce0042-0222-433f-a217-15375dca88d7-medium.png","largeIconUri":"/16830917287777659826/Nf95b8e32-3057-4c6c-81c1-e102cc517bf0-large.png","wideIconUri":"/16830917287777659826/N597aa0fa-b184-47c3-b2fa-017b26064d96-wide.png"},"connectionReferences":{"50272f62-dc1b-4c08-ab97-4fe22a08654d":{"id":"3d15938d-dc3b-4ebf-9e3a-7fe3d13da1f4","displayName":"Azure AD","iconUri":"https://connectoricons-prod.azureedge.net/releases/v1.0.1391/1.0.1391.2130/azuread/icon.png","dataSources":["AzureAD"],"dependencies":[],"dependents":[],"parameterHints":{},"isOnPremiseConnection":false,"bypassConsent":false,"dataSets":{},"apiTier":"Standard","isCustomApiConnection":false},"bac71daa-05f9-407e-ada0-c46ad67316c9":{"id":"920fb891-1bac-45d0-904f-360dca67afab","displayName":"Office 365 Users","iconUri":"https://connectoricons-prod.azureedge.net/releases/v1.0.1385/1.0.1385.2110/office365users/icon.png","dataSources":["Office365Users"],"dependencies":[],"dependents":[],"parameterHints":{},"isOnPremiseConnection":false,"bypassConsent":false,"dataSets":{},"apiTier":"Standard","isCustomApiConnection":false},"96c11e6d-d884-4794-ab8d-164531b15806":{"id":"4ae15560-95eb-4fe5-adcc-e6bf433996f2","displayName":"Excel","iconUri":"https://connectoricons-prod.azureedge.net/excel/icon_1.0.1352.2014.png","dataSources":["Schools","Validates","Surveys","QuestionGroups","QuestionItems","Questions","SurveyResults","AppConfig","GlobalSharedTime"],"dependencies":["22993cbd-94e4-4e62-9262-997fbda50091"],"dependents":[],"parameterHints":{"22993cbd-94e4-4e62-9262-997fbda50091":{"value":"fileSource"}},"isOnPremiseConnection":false,"bypassConsent":false,"dataSets":{"b!qfGEzVlJPkGsBqmbHtQ5xS3dAS3IMtdGv2JpmlPVHgoKf79_Kf4RQJjljpvLCtCn.01A3LFYVISOZYNX6MXYZA2KKT37MAR4JK3":{"dataSources":{"Schools":{"tableName":"Schools"},"Validates":{"tableName":"Validates"},"AppConfig":{"tableName":"AppConfig"}}},"b!qfGEzVlJPkGsBqmbHtQ5xS3dAS3IMtdGv2JpmlPVHgoKf79_Kf4RQJjljpvLCtCn.01A3LFYVLENOVS2Q3P3NAKP64FYM7COVSN":{"dataSources":{"Surveys":{"tableName":"Surveys"}}},"b!qfGEzVlJPkGsBqmbHtQ5xS3dAS3IMtdGv2JpmlPVHgoKf79_Kf4RQJjljpvLCtCn.01A3LFYVJBNURPHIT5TNEZBLP7SHDHOXUX":{"dataSources":{"QuestionGroups":{"tableName":"QuestionGroups"},"QuestionItems":{"tableName":"QuestionItems"},"Questions":{"tableName":"Questions"}}},"b!qfGEzVlJPkGsBqmbHtQ5xS3dAS3IMtdGv2JpmlPVHgoKf79_Kf4RQJjljpvLCtCn.01A3LFYVKLRM3UI22IERBJMVNPB6WSPCM7":{"dataSources":{"SurveyResults":{"tableName":"SurveyResults"},"GlobalSharedTime":{"tableName":"GlobalSharedTime"}}}},"apiTier":"Standard","isCustomApiConnection":false},"22993cbd-94e4-4e62-9262-997fbda50091":{"id":"2f2cfaee-7687-4e8d-ba67-15a58c52375e","displayName":"OneDrive for Business","iconUri":"https://connectoricons-prod.azureedge.net/onedriveforbusiness/icon_1.0.1341.1987.png","dataSources":[],"dependencies":[],"dependents":["96c11e6d-d884-4794-ab8d-164531b15806"],"parameterHints":{},"isOnPremiseConnection":false,"bypassConsent":false,"dataSets":{},"apiTier":"Standard","isCustomApiConnection":false},"f53a2164-067b-4463-93d9-bb2e51a7472e":{"id":"e6c90918-0b46-4bae-a240-3a99d615e1c9","displayName":"Logic flows","iconUri":"https://resourcestackdeploy.blob.core.windows.net/scripts/13276078.png","dataSources":["ConverJSONToCollection"],"dependencies":[],"dependents":[],"parameterHints":{"workflowName":{"value":"12699a52-6dc3-403b-8d9f-659b77b0dd45"}},"isOnPremiseConnection":false,"bypassConsent":false,"dataSets":{},"apiTier":"Standard","isCustomApiConnection":false}},"databaseReferences":{},"almMode":"Environment","performanceOptimizationEnabled":true,"canConsumeAppPass":true},"isAppComponentLibrary":false,"appType":"ClassicCanvasApp","appComponents":[]}}