{"schemaVersion":"1.0","appDefinitionTemplate":{"id":"/providers/Microsoft.PowerApps/apps/","type":"Microsoft.PowerApps/apps","tags":{"primaryDeviceWidth":"1366","primaryDeviceHeight":"768","sienaVersion":"20210113T024222Z-3.20111.52.0","deviceCapabilities":"","supportsPortrait":"false","supportsLandscape":"true","primaryFormFactor":"Tablet","publisherVersion":"3.20111.52","minimumRequiredApiVersion":"2.2.0","hasComponent":"true","hasUnlockedComponent":"true","isUnifiedRootApp":"false"},"properties":{"appVersion":"2021-01-13T02:42:22Z","lifeCycleId":"Published","createdByClientVersion":{"major":3,"minor":20111,"build":52,"revision":0,"majorRevision":0,"minorRevision":0},"minClientVersion":{"major":3,"minor":20111,"build":52,"revision":0,"majorRevision":0,"minorRevision":0},"backgroundColor":"rgba(0, 176, 240, 1)","backgroundImageUri":"/16830917287777659826/N272d8e4e-bc85-4467-84e2-a4e070b76d06-logoSmallFile","displayName":"School Transformation Survey","description":"","commitMessage":"","appUris":{"documentUri":{"value":"/16830917287777659826/Nbaf9a6de-ac51-4d7c-8312-f4a1cc807ca2-document.msapp"},"imageUris":[]},"createdTime":"0001-01-01T00:00:00Z","lastModifiedTime":"0001-01-01T00:00:00Z","sharedGroupsCount":0,"sharedUsersCount":0,"icons":{"smallIconUri":"/16830917287777659826/N725871c4-1882-4343-b797-d557d2fe936f-small.png","mediumIconUri":"/16830917287777659826/N4d4f974c-c8df-4b84-91d4-f5fd9c0beb32-medium.png","largeIconUri":"/16830917287777659826/N17c9ccdc-2cff-4b50-97d8-dced295543e5-large.png","wideIconUri":"/16830917287777659826/N57c427c3-6b9b-44d2-bf41-5627e9646312-wide.png"},"connectionReferences":{"50272f62-dc1b-4c08-ab97-4fe22a08654d":{"id":"3d15938d-dc3b-4ebf-9e3a-7fe3d13da1f4","displayName":"Azure AD","iconUri":"https://connectoricons-prod.azureedge.net/releases/v1.0.1429/1.0.1429.2295/azuread/icon.png","dataSources":["AzureAD"],"dependencies":[],"dependents":[],"parameterHints":{},"isOnPremiseConnection":false,"bypassConsent":false,"dataSets":{},"apiTier":"Standard","isCustomApiConnection":false,"actions":["GetMemberGroupsV2","GetGroup"]},"bac71daa-05f9-407e-ada0-c46ad67316c9":{"id":"920fb891-1bac-45d0-904f-360dca67afab","displayName":"Office 365 Users","iconUri":"https://connectoricons-prod.azureedge.net/releases/v1.0.1411/1.0.1411.2206/office365users/icon.png","dataSources":["Office365Users"],"dependencies":[],"dependents":[],"parameterHints":{},"isOnPremiseConnection":false,"bypassConsent":false,"dataSets":{},"apiTier":"Standard","isCustomApiConnection":false,"actions":["MyProfileV2"]},"96c11e6d-d884-4794-ab8d-164531b15806":{"id":"4ae15560-95eb-4fe5-adcc-e6bf433996f2","displayName":"Excel","iconUri":"https://connectoricons-prod.azureedge.net/releases/v1.0.1411/1.0.1411.2207/excel/icon.png","dataSources":["Schools","Validates","Surveys","QuestionGroups","QuestionItems","Questions","SurveyResults","AppConfig","GlobalSharedTime"],"dependencies":["22993cbd-94e4-4e62-9262-997fbda50091"],"dependents":[],"parameterHints":{"22993cbd-94e4-4e62-9262-997fbda50091":{"value":"fileSource"}},"isOnPremiseConnection":false,"bypassConsent":false,"dataSets":{"b!qfGEzVlJPkGsBqmbHtQ5xS3dAS3IMtdGv2JpmlPVHgoKf79_Kf4RQJjljpvLCtCn.01A3LFYVISOZYNX6MXYZA2KKT37MAR4JK3":{"dataSources":{"Schools":{"tableName":"Schools"},"Validates":{"tableName":"Validates"},"AppConfig":{"tableName":"AppConfig"}}},"b!qfGEzVlJPkGsBqmbHtQ5xS3dAS3IMtdGv2JpmlPVHgoKf79_Kf4RQJjljpvLCtCn.01A3LFYVLENOVS2Q3P3NAKP64FYM7COVSN":{"dataSources":{"Surveys":{"tableName":"Surveys"}}},"b!qfGEzVlJPkGsBqmbHtQ5xS3dAS3IMtdGv2JpmlPVHgoKf79_Kf4RQJjljpvLCtCn.01A3LFYVJBNURPHIT5TNEZBLP7SHDHOXUX":{"dataSources":{"QuestionGroups":{"tableName":"QuestionGroups"},"QuestionItems":{"tableName":"QuestionItems"},"Questions":{"tableName":"Questions"}}},"b!qfGEzVlJPkGsBqmbHtQ5xS3dAS3IMtdGv2JpmlPVHgoKf79_Kf4RQJjljpvLCtCn.01A3LFYVKLRM3UI22IERBJMVNPB6WSPCM7":{"dataSources":{"SurveyResults":{"tableName":"SurveyResults"},"GlobalSharedTime":{"tableName":"GlobalSharedTime"}}}},"apiTier":"Standard","isCustomApiConnection":false},"22993cbd-94e4-4e62-9262-997fbda50091":{"id":"2f2cfaee-7687-4e8d-ba67-15a58c52375e","displayName":"OneDrive for Business","iconUri":"https://connectoricons-prod.azureedge.net/releases/v1.0.1407/1.0.1407.2182/onedriveforbusiness/icon.png","dataSources":[],"dependencies":[],"dependents":["96c11e6d-d884-4794-ab8d-164531b15806"],"parameterHints":{},"isOnPremiseConnection":false,"bypassConsent":false,"dataSets":{},"apiTier":"Standard","isCustomApiConnection":false},"f53a2164-067b-4463-93d9-bb2e51a7472e":{"id":"e6c90918-0b46-4bae-a240-3a99d615e1c9","displayName":"Logic flows","iconUri":"https://resourcestackdeploy.blob.core.windows.net/scripts/13276078.png","dataSources":["ConverJSONToCollection"],"dependencies":[],"dependents":[],"parameterHints":{"workflowName":{"value":"12699a52-6dc3-403b-8d9f-659b77b0dd45"}},"isOnPremiseConnection":false,"bypassConsent":false,"dataSets":{},"apiTier":"Standard","isCustomApiConnection":false,"actions":["Run"]}},"databaseReferences":{},"almMode":"Environment","performanceOptimizationEnabled":true,"canConsumeAppPass":true,"executionRestrictions":{"isTeamsOnly":false,"dataLossPreventionEvaluationResult":{"status":"Compliant","lastEvaluationDate":"2020-10-28T04:58:21.9826194Z","violationDetails":[]}}},"isAppComponentLibrary":false,"appType":"ClassicCanvasApp","appComponents":[]}}