{"name":"51ce30d2-4911-46b4-a059-07819016bba1","id":"/providers/Microsoft.Flow/flows/51ce30d2-4911-46b4-a059-07819016bba1","type":"Microsoft.Flow/flows","properties":{"apiId":"/providers/Microsoft.PowerApps/apis/shared_logicflows","displayName":"WriteSurveyToJSON","definition":{"metadata":{"workflowEntityId":null,"flowclientsuspensionreason":"None","flowclientsuspensiontime":null,"creator":{"id":"cdea7eed-b192-49b9-812b-151725d03227","type":"User","tenantId":"0534985e-032e-430a-9b95-60f5277b96f4"},"provisioningMethod":"FromDefinition","failureAlertSubscription":true,"clientLastModifiedTime":"2020-09-23T04:27:24.8607483Z"},"$schema":"https://schema.management.azure.com/providers/Microsoft.Logic/schemas/2016-06-01/workflowdefinition.json#","contentVersion":"1.0.0.0","parameters":{"$connections":{"defaultValue":{},"type":"Object"},"$authentication":{"defaultValue":{},"type":"SecureObject"}},"triggers":{"Recurrence":{"recurrence":{"frequency":"Day","interval":1,"timeZone":"UTC","startTime":"2020-06-17T00:00:00.000Z","schedule":{"hours":["0"]}},"type":"Recurrence"}},"actions":{"Get_Surveys":{"runAfter":{"Initialize_variable_for_reports_folder":["Succeeded"]},"metadata":{"01A3LFYVKNARSJ4SLUJFGJ2GQLTDQCIKCZ":"/SchoolSurvey/Surveys.xlsx","flowSystemMetadata":{"swaggerOperationId":"GetItems"},"01A3LFYVLENOVS2Q3P3NAKP64FYM7COVSN":"/SchoolSurvey/AppData/Surveys.xlsx","01CARIKUONOVJ5BVB6BBGZCEPLKSSELYNL":"/SchoolSurvey/AppData/Surveys.xlsx"},"type":"ApiConnection","inputs":{"host":{"connection":{"name":"@parameters('$connections')['shared_excelonlinebusiness']['connectionId']"},"api":{"runtimeUrl":"https://unitedstates-002.azure-apim.net/apim/excelonlinebusiness"}},"method":"get","path":"/drives/@{encodeURIComponent('b!qfGEzVlJPkGsBqmbHtQ5xS3dAS3IMtdGv2JpmlPVHgoKf79_Kf4RQJjljpvLCtCn')}/files/@{encodeURIComponent('01A3LFYVLENOVS2Q3P3NAKP64FYM7COVSN')}/tables/@{encodeURIComponent('{00000000-000C-0000-FFFF-FFFF00000000}')}/items","queries":{"source":"me","$filter":"EndDate ne ''"},"authentication":"@parameters('$authentication')"}},"Filter_Ended_Surveys":{"runAfter":{"Get_Surveys":["Succeeded"]},"type":"Query","inputs":{"from":"@body('Get_Surveys')?['value']","where":"@less(formatDateTime(item()?['EndDate'], 'yyyy-MM-dd'), formatDateTime(utcNow(), 'yyyy-MM-dd'))"}},"Apply_to_each_survey":{"foreach":"@body('Filter_Ended_Surveys')","actions":{"Get_a_School_Data":{"runAfter":{},"metadata":{"01A3LFYVKIVZKE55BVFRBZ6RBQLARMOVXW":"/SchoolSurvey/Schools.xlsx","flowSystemMetadata":{"swaggerOperationId":"GetItem"},"01A3LFYVISOZYNX6MXYZA2KKT37MAR4JK3":"/SchoolSurvey/AppData/Schools.xlsx","01CARIKUMHBSWNFZT5NZDZ3GWBYZLTVF5L":"/SchoolSurvey/AppData/Schools.xlsx"},"type":"ApiConnection","inputs":{"host":{"connection":{"name":"@parameters('$connections')['shared_excelonlinebusiness']['connectionId']"},"api":{"runtimeUrl":"https://unitedstates-002.azure-apim.net/apim/excelonlinebusiness"}},"method":"get","path":"/drives/@{encodeURIComponent('b!qfGEzVlJPkGsBqmbHtQ5xS3dAS3IMtdGv2JpmlPVHgoKf79_Kf4RQJjljpvLCtCn')}/files/@{encodeURIComponent('01A3LFYVISOZYNX6MXYZA2KKT37MAR4JK3')}/tables/@{encodeURIComponent('{00000000-000C-0000-FFFF-FFFF00000000}')}/items/@{encodeURIComponent(encodeURIComponent(items('Apply_to_each_survey')['SchoolId']))}","queries":{"source":"me","idColumn":"SchoolId"},"authentication":"@parameters('$authentication')"}},"Get_the_Data_of_current_Survey":{"runAfter":{"Get_a_School_Data":["Succeeded"]},"metadata":{"01A3LFYVMS7WESERFRCBE2LUXDYTTKEZVP":"/SchoolSurvey/SurveyResults.xlsx","flowSystemMetadata":{"swaggerOperationId":"GetItems"},"01A3LFYVKLRM3UI22IERBJMVNPB6WSPCM7":"/SchoolSurvey/AppData/SurveyResults.xlsx","01CARIKUOABO4E27ENHNCYH6QSBAOXRXGH":"/SchoolSurvey/AppData/SurveyResults.xlsx"},"type":"ApiConnection","inputs":{"host":{"connection":{"name":"@parameters('$connections')['shared_excelonlinebusiness']['connectionId']"},"api":{"runtimeUrl":"https://unitedstates-002.azure-apim.net/apim/excelonlinebusiness"}},"method":"get","path":"/drives/@{encodeURIComponent('b!qfGEzVlJPkGsBqmbHtQ5xS3dAS3IMtdGv2JpmlPVHgoKf79_Kf4RQJjljpvLCtCn')}/files/@{encodeURIComponent('01A3LFYVKLRM3UI22IERBJMVNPB6WSPCM7')}/tables/@{encodeURIComponent('{00000000-000C-0000-FFFF-FFFF02000000}')}/items","queries":{"source":"me","$filter":"Survey eq '@{items('Apply_to_each_survey')['SurveyId']}' "},"authentication":"@parameters('$authentication')"}},"Check_Current_Survey_has_Data":{"actions":{"Filter_completed_data":{"runAfter":{},"type":"Query","inputs":{"from":"@body('Get_the_Data_of_current_Survey')?['value']","where":"@equals(item()?['IsComplete'], 'True')"}},"Check_has_Completed_data":{"actions":{"Parse_Survey_Data_to_JSON":{"runAfter":{"Apply_to_each":["Succeeded"]},"type":"ParseJson","inputs":{"content":"@body('Filter_completed_data')","schema":{"type":"array","items":{"type":"object","properties":{"School":{"type":"string"},"Survey":{"type":"string"},"UserId":{"type":"string"},"UserType":{"type":"string"},"Result":{"type":"string"}},"required":["School","Survey","UserId","UserType","Result"]}}}},"Create_file":{"runAfter":{"Parse_Survey_Data_to_JSON":["Succeeded"]},"metadata":{"flowSystemMetadata":{"swaggerOperationId":"CreateFile"}},"type":"ApiConnection","inputs":{"host":{"connection":{"name":"@parameters('$connections')['shared_onedriveforbusiness']['connectionId']"},"api":{"runtimeUrl":"https://unitedstates-002.azure-apim.net/apim/onedriveforbusiness"}},"method":"post","body":"{configuration:@{body('Parse_Report_Configuration_to_JSON')},CalculationConfiguration:@{body('Parse_Calculation_Configuration_to_JSON')},results:@{body('Parse_Survey_Data_to_JSON')}}","path":"/datasets/default/files","queries":{"folderPath":"@{variables('ReportsFolder')}@{body('Get_a_School_Data')?['SchoolName']}","name":"@{items('Apply_to_each_survey')['Title']}.json"},"authentication":"@parameters('$authentication')"},"runtimeConfiguration":{"contentTransfer":{"transferMode":"Chunked"}}},"Apply_to_each":{"foreach":"@body('Filter_completed_data')","actions":{"Append_to_AllSurveyResults":{"runAfter":{},"type":"AppendToArrayVariable","inputs":{"name":"AllSurveyResults","value":"@items('Apply_to_each')"}},"Check_if_the_survey_is_Shareable":{"actions":{"Append_to_array_variable":{"runAfter":{},"type":"AppendToArrayVariable","inputs":{"name":"AllGlobalData","value":"@items('Apply_to_each')"}}},"runAfter":{"Append_to_AllSurveyResults":["Succeeded"]},"expression":{"equals":["@items('Apply_to_each_survey')['IsShareable']","True"]},"type":"If"}},"runAfter":{},"type":"Foreach"}},"runAfter":{"Filter_completed_data":["Succeeded"]},"expression":{"not":{"equals":["@empty(body('Filter_completed_data'))",true]}},"type":"If"}},"runAfter":{"Get_the_Data_of_current_Survey":["Succeeded"]},"expression":{"not":{"equals":["@empty(body('Get_the_Data_of_current_Survey')?['value'])",true]}},"type":"If"}},"runAfter":{"Parse_Calculation_Configuration_to_JSON":["Succeeded"]},"type":"Foreach"},"Initialize_variable_of_All_Survey_Results":{"runAfter":{"Filter_Ended_Surveys":["Succeeded"]},"type":"InitializeVariable","inputs":{"variables":[{"name":"AllSurveyResults","type":"array"}]}},"Get_Report_Configuration":{"runAfter":{"Initialize_variable_of_Global_Sharing_Data_":["Succeeded"]},"metadata":{"01A3LFYVMS7WESERFRCBE2LUXDYTTKEZVP":"/SchoolSurvey/SurveyResults.xlsx","flowSystemMetadata":{"swaggerOperationId":"GetItems"},"01A3LFYVKLRM3UI22IERBJMVNPB6WSPCM7":"/SchoolSurvey/AppData/SurveyResults.xlsx","01CARIKUOABO4E27ENHNCYH6QSBAOXRXGH":"/SchoolSurvey/AppData/SurveyResults.xlsx"},"type":"ApiConnection","inputs":{"host":{"connection":{"name":"@parameters('$connections')['shared_excelonlinebusiness']['connectionId']"},"api":{"runtimeUrl":"https://unitedstates-002.azure-apim.net/apim/excelonlinebusiness"}},"method":"get","path":"/drives/@{encodeURIComponent('b!qfGEzVlJPkGsBqmbHtQ5xS3dAS3IMtdGv2JpmlPVHgoKf79_Kf4RQJjljpvLCtCn')}/files/@{encodeURIComponent('01A3LFYVKLRM3UI22IERBJMVNPB6WSPCM7')}/tables/@{encodeURIComponent('{00000000-000C-0000-FFFF-FFFF00000000}')}/items","queries":{"source":"me"},"authentication":"@parameters('$authentication')"}},"Parse_Report_Configuration_to_JSON":{"runAfter":{"Get_Report_Configuration":["Succeeded"]},"type":"ParseJson","inputs":{"content":"@body('Get_Report_Configuration')?['value']","schema":{"type":"array","items":{"type":"object","properties":{"Page":{"type":"string"},"Graph":{"type":"string"},"SubGrouping":{"type":"string"},"Grouping":{"type":"string"},"QuestionGroup":{"type":"string"},"GroupOrder":{"type":"string"},"Questions":{"type":"string"}},"required":["Page","Graph","SubGrouping","Grouping","QuestionGroup","GroupOrder","Questions"]}}}},"Get_Calculation_Configuration":{"runAfter":{"Parse_Report_Configuration_to_JSON":["Succeeded"]},"metadata":{"01A3LFYVMS7WESERFRCBE2LUXDYTTKEZVP":"/SchoolSurvey/SurveyResults.xlsx","flowSystemMetadata":{"swaggerOperationId":"GetItems"},"01A3LFYVKLRM3UI22IERBJMVNPB6WSPCM7":"/SchoolSurvey/AppData/SurveyResults.xlsx","01CARIKUOABO4E27ENHNCYH6QSBAOXRXGH":"/SchoolSurvey/AppData/SurveyResults.xlsx"},"type":"ApiConnection","inputs":{"host":{"connection":{"name":"@parameters('$connections')['shared_excelonlinebusiness']['connectionId']"},"api":{"runtimeUrl":"https://unitedstates-002.azure-apim.net/apim/excelonlinebusiness"}},"method":"get","path":"/drives/@{encodeURIComponent('b!qfGEzVlJPkGsBqmbHtQ5xS3dAS3IMtdGv2JpmlPVHgoKf79_Kf4RQJjljpvLCtCn')}/files/@{encodeURIComponent('01A3LFYVKLRM3UI22IERBJMVNPB6WSPCM7')}/tables/@{encodeURIComponent('{00000000-000C-0000-FFFF-FFFF01000000}')}/items","queries":{"source":"me"},"authentication":"@parameters('$authentication')"}},"Parse_Calculation_Configuration_to_JSON":{"runAfter":{"Get_Calculation_Configuration":["Succeeded"]},"type":"ParseJson","inputs":{"content":"@body('Get_Calculation_Configuration')?['value']","schema":{"type":"array","items":{"type":"object","properties":{"Page":{"type":"string"},"Graph":{"type":"string"},"SubGrouping":{"type":"string"},"Grouping":{"type":"string"},"QuestionGroup":{"type":"string"},"Questions":{"type":"string"},"Answer":{"type":"string"}},"required":["Page","Graph","SubGrouping","Grouping","QuestionGroup","Questions","Answer"]}}}},"Check_if_AllSurveyResults_empty":{"actions":{"Parse_AllSurveyResults_to_JSON":{"runAfter":{},"type":"ParseJson","inputs":{"content":"@variables('AllSurveyResults')","schema":{"type":"array","items":{"type":"object","properties":{"School":{"type":"string"},"Survey":{"type":"string"},"UserId":{"type":"string"},"UserType":{"type":"string"},"Result":{"type":"string"}},"required":["School","Survey","UserId","UserType","Result"]}}}},"Create_file_for_All_Survey_Results":{"runAfter":{"Parse_AllSurveyResults_to_JSON":["Succeeded"]},"metadata":{"flowSystemMetadata":{"swaggerOperationId":"CreateFile"}},"type":"ApiConnection","inputs":{"host":{"connection":{"name":"@parameters('$connections')['shared_onedriveforbusiness']['connectionId']"},"api":{"runtimeUrl":"https://unitedstates-002.azure-apim.net/apim/onedriveforbusiness"}},"method":"post","body":"{configuration:@{body('Parse_Report_Configuration_to_JSON')},CalculationConfiguration:@{body('Parse_Calculation_Configuration_to_JSON')},results:@{body('Parse_AllSurveyResults_to_JSON')}}","path":"/datasets/default/files","queries":{"folderPath":"@{variables('ReportsFolder')}District","name":"allSurveyResults.json"},"authentication":"@parameters('$authentication')"},"runtimeConfiguration":{"contentTransfer":{"transferMode":"Chunked"}}}},"runAfter":{"Apply_to_each_survey":["Succeeded"]},"expression":{"not":{"equals":["@empty(variables('AllSurveyResults'))",true]}},"type":"If"},"Initialize_variable_for_reports_folder":{"runAfter":{},"type":"InitializeVariable","inputs":{"variables":[{"name":"ReportsFolder","type":"string","value":"/SchoolSurvey/Reports/"}]}},"Initialize_variable_of_Global_Sharing_Data_":{"runAfter":{"Initialize_variable_of_All_Survey_Results":["Succeeded"]},"type":"InitializeVariable","inputs":{"variables":[{"name":"AllGlobalData","type":"array"}]}},"Check_if_AllGlobalData_empty":{"actions":{"Parse_AllGlobalData_to_JSON":{"runAfter":{},"type":"ParseJson","inputs":{"content":"@variables('AllGlobalData')","schema":{"type":"array","items":{"type":"object","properties":{"School":{"type":"string"},"Survey":{"type":"string"},"UserId":{"type":"string"},"UserType":{"type":"string"},"Result":{"type":"string"}},"required":["School","Survey","UserId","UserType","Result"]}}}},"Create_file_for_AllGlobalData":{"runAfter":{"Parse_AllGlobalData_to_JSON":["Succeeded"]},"metadata":{"flowSystemMetadata":{"swaggerOperationId":"CreateFile"}},"type":"ApiConnection","inputs":{"host":{"connection":{"name":"@parameters('$connections')['shared_onedriveforbusiness']['connectionId']"},"api":{"runtimeUrl":"https://unitedstates-002.azure-apim.net/apim/onedriveforbusiness"}},"method":"post","body":"{configuration:@{body('Parse_Report_Configuration_to_JSON')},CalculationConfiguration:@{body('Parse_Calculation_Configuration_to_JSON')},results:@{body('Parse_AllGlobalData_to_JSON')}}","path":"/datasets/default/files","queries":{"folderPath":"@{variables('ReportsFolder')}Global","name":"globalSharedSurvey.json"},"authentication":"@parameters('$authentication')"},"runtimeConfiguration":{"contentTransfer":{"transferMode":"Chunked"}}},"Upload_JSON_to_an_Azure_website":{"runAfter":{"Create_file_for_AllGlobalData":["Succeeded"]},"metadata":{"flowSystemMetadata":{"swaggerOperationId":"UploadJSONAzureWebsite"}},"type":"ApiConnection","inputs":{"host":{"connection":{"name":"@parameters('$connections')['shared_uploadjsontoazure-5fcd16f980fd8c6479-5fac11d1858b26b76c']['connectionId']"},"api":{"runtimeUrl":"https://unitedstates-002.azure-apim.net/apim/uploadjsontoazure-5fcd16f980fd8c6479-5fac11d1858b26b76c"}},"method":"post","body":{"content":"{configuration:@{body('Parse_Report_Configuration_to_JSON')},CalculationConfiguration:@{body('Parse_Calculation_Configuration_to_JSON')},results:@{body('Parse_AllGlobalData_to_JSON')}}","filename":"globalSharedSurvey.json"},"path":"/Home/PostJsonFromFlow","authentication":"@parameters('$authentication')"}},"Update_a_row":{"runAfter":{"Upload_JSON_to_an_Azure_website":["Succeeded"]},"metadata":{"01A3LFYVKLRM3UI22IERBJMVNPB6WSPCM7":"/SchoolSurvey/AppData/SurveyResults.xlsx","flowSystemMetadata":{"swaggerOperationId":"PatchItem"}},"type":"ApiConnection","inputs":{"host":{"connection":{"name":"@parameters('$connections')['shared_excelonlinebusiness']['connectionId']"},"api":{"runtimeUrl":"https://unitedstates-002.azure-apim.net/apim/excelonlinebusiness"}},"method":"patch","body":{"Id":"1","Gtime":"@{utcNow()}","IsSample":"false"},"path":"/drives/@{encodeURIComponent('b!qfGEzVlJPkGsBqmbHtQ5xS3dAS3IMtdGv2JpmlPVHgoKf79_Kf4RQJjljpvLCtCn')}/files/@{encodeURIComponent('01A3LFYVKLRM3UI22IERBJMVNPB6WSPCM7')}/tables/@{encodeURIComponent('{00000000-000C-0000-FFFF-FFFF03000000}')}/items/@{encodeURIComponent(encodeURIComponent('1'))}","queries":{"source":"me","idColumn":"Id"},"authentication":"@parameters('$authentication')"}}},"runAfter":{"Check_if_AllSurveyResults_empty":["Succeeded"]},"else":{"actions":{"Get_file_content":{"runAfter":{},"metadata":{"b!qfGEzVlJPkGsBqmbHtQ5xS3dAS3IMtdGv2JpmlPVHgoKf79_Kf4RQJjljpvLCtCn.01A3LFYVJW5VNIHPSOW5BZCQXZTZ22BJQL":"/SchoolSurvey/Reports/TemplateReport/SampleReport.json","flowSystemMetadata":{"swaggerOperationId":"GetFileContent"}},"type":"ApiConnection","inputs":{"host":{"connection":{"name":"@parameters('$connections')['shared_onedriveforbusiness']['connectionId']"},"api":{"runtimeUrl":"https://unitedstates-002.azure-apim.net/apim/onedriveforbusiness"}},"method":"get","path":"/datasets/default/files/@{encodeURIComponent(encodeURIComponent('b!qfGEzVlJPkGsBqmbHtQ5xS3dAS3IMtdGv2JpmlPVHgoKf79_Kf4RQJjljpvLCtCn.01A3LFYVJW5VNIHPSOW5BZCQXZTZ22BJQL'))}/content","queries":{"inferContentType":true},"authentication":"@parameters('$authentication')"}},"Create_file_2":{"runAfter":{"Get_file_content":["Succeeded"]},"metadata":{"flowSystemMetadata":{"swaggerOperationId":"CreateFile"}},"type":"ApiConnection","inputs":{"host":{"connection":{"name":"@parameters('$connections')['shared_onedriveforbusiness']['connectionId']"},"api":{"runtimeUrl":"https://unitedstates-002.azure-apim.net/apim/onedriveforbusiness"}},"method":"post","body":"@body('Get_file_content')","path":"/datasets/default/files","queries":{"folderPath":"@{variables('ReportsFolder')}Global","name":"globalSharedSurvey.json"},"authentication":"@parameters('$authentication')"},"runtimeConfiguration":{"contentTransfer":{"transferMode":"Chunked"}}},"Upload_JSON_to_an_Azure_website_2":{"runAfter":{"Create_file_2":["Succeeded"]},"metadata":{"flowSystemMetadata":{"swaggerOperationId":"UploadJSONAzureWebsite"}},"type":"ApiConnection","inputs":{"host":{"connection":{"name":"@parameters('$connections')['shared_uploadjsontoazure-5fcd16f980fd8c6479-5fac11d1858b26b76c']['connectionId']"},"api":{"runtimeUrl":"https://unitedstates-002.azure-apim.net/apim/uploadjsontoazure-5fcd16f980fd8c6479-5fac11d1858b26b76c"}},"method":"post","body":{"content":"@{body('Get_file_content')}","filename":"globalSharedSurvey.json"},"path":"/Home/PostJsonFromFlow","authentication":"@parameters('$authentication')"}},"Update_a_row_2":{"runAfter":{"Upload_JSON_to_an_Azure_website_2":["Succeeded"]},"metadata":{"01A3LFYVKLRM3UI22IERBJMVNPB6WSPCM7":"/SchoolSurvey/AppData/SurveyResults.xlsx","flowSystemMetadata":{"swaggerOperationId":"PatchItem"}},"type":"ApiConnection","inputs":{"host":{"connection":{"name":"@parameters('$connections')['shared_excelonlinebusiness']['connectionId']"},"api":{"runtimeUrl":"https://unitedstates-002.azure-apim.net/apim/excelonlinebusiness"}},"method":"patch","body":{"Id":"1","Gtime":"@{utcNow()}","IsSample":"true"},"path":"/drives/@{encodeURIComponent('b!qfGEzVlJPkGsBqmbHtQ5xS3dAS3IMtdGv2JpmlPVHgoKf79_Kf4RQJjljpvLCtCn')}/files/@{encodeURIComponent('01A3LFYVKLRM3UI22IERBJMVNPB6WSPCM7')}/tables/@{encodeURIComponent('{00000000-000C-0000-FFFF-FFFF03000000}')}/items/@{encodeURIComponent(encodeURIComponent('1'))}","queries":{"source":"me","idColumn":"Id"},"authentication":"@parameters('$authentication')"}}}},"expression":{"not":{"equals":["@empty(variables('AllGlobalData'))",true]}},"type":"If"}}},"connectionReferences":{"shared_excelonlinebusiness":{"connectionName":"shared-excelonlinebu-31fd93ee-c115-475d-982a-3ab3763bbf53","source":"Embedded","id":"/providers/Microsoft.PowerApps/apis/shared_excelonlinebusiness","tier":"NotSpecified"},"shared_onedriveforbusiness":{"connectionName":"27dd6440b9cb47589f4fe4ce51b6bda3","source":"Embedded","id":"/providers/Microsoft.PowerApps/apis/shared_onedriveforbusiness","tier":"NotSpecified"},"shared_uploadjsontoazure-5fcd16f980fd8c6479-5fac11d1858b26b76c":{"connectionName":"bde018f4e1b04b8099663f38a124ace9","source":"Embedded","id":"/providers/Microsoft.PowerApps/apis/shared_uploadjsontoazure-5fcd16f980fd8c6479-5fac11d1858b26b76c","tier":"NotSpecified"}},"flowFailureAlertSubscribed":false}}