{"schemaVersion":"1.0","appDefinitionTemplate":{"id":"/providers/Microsoft.PowerApps/apps/","type":"Microsoft.PowerApps/apps","tags":{"primaryDeviceWidth":"1366","primaryDeviceHeight":"768","sienaVersion":"20200707T143523Z-3.20053.26.0","deviceCapabilities":"","supportsPortrait":"false","supportsLandscape":"true","primaryFormFactor":"Tablet","publisherVersion":"3.20053.26","minimumRequiredApiVersion":"2.2.0","hasComponent":"true","hasUnlockedComponent":"true","isUnifiedRootApp":"false"},"properties":{"appVersion":"2020-07-07T14:35:23Z","lifeCycleId":"Published","createdByClientVersion":{"major":3,"minor":20053,"build":26,"revision":0,"majorRevision":0,"minorRevision":0},"minClientVersion":{"major":3,"minor":20053,"build":26,"revision":0,"majorRevision":0,"minorRevision":0},"backgroundColor":"rgba(0, 176, 240, 1)","backgroundImageUri":"/17825135528417625818/Nf939d254-10c7-4d0c-8893-0fac69cff8f2-logoSmallFile","displayName":"School Transformation Survey","description":"","commitMessage":"","appUris":{"documentUri":{"value":"/17825135528417625818/N64b94454-0981-4cff-8ea0-dd28bb80ecb9-document.msapp","readonlyValue":"/17825135528417625818/N64b94454-0981-4cff-8ea0-dd28bb80ecb9-document.msapp"},"imageUris":[]},"createdTime":"0001-01-01T00:00:00Z","lastModifiedTime":"0001-01-01T00:00:00Z","sharedGroupsCount":0,"sharedUsersCount":0,"icons":{"smallIconUri":"/17825135528417625818/Nfff7a5b4-1c2f-49c6-b300-f4678ad15a6f-small.png","mediumIconUri":"/17825135528417625818/Nc520a220-3705-426f-8480-14bdf2690464-medium.png","largeIconUri":"/17825135528417625818/N5569094b-25a2-46b1-af44-00c16b2bc16c-large.png","wideIconUri":"/17825135528417625818/N827cf0ae-4d1b-4e50-87c1-fea9ef28fe71-wide.png"},"connectionReferences":{"50272f62-dc1b-4c08-ab97-4fe22a08654d":{"id":"3d15938d-dc3b-4ebf-9e3a-7fe3d13da1f4","displayName":"Azure AD","iconUri":"https://connectoricons-prod.azureedge.net/azuread/icon_1.0.1336.1969.png","dataSources":["AzureAD"],"dependencies":[],"dependents":[],"parameterHints":{},"isOnPremiseConnection":false,"bypassConsent":false,"dataSets":{},"apiTier":"Standard","isCustomApiConnection":false},"bac71daa-05f9-407e-ada0-c46ad67316c9":{"id":"920fb891-1bac-45d0-904f-360dca67afab","displayName":"Office 365 Users","iconUri":"https://connectoricons-prod.azureedge.net/office365users/icon_1.0.1357.2029.png","dataSources":["Office365Users"],"dependencies":[],"dependents":[],"parameterHints":{},"isOnPremiseConnection":false,"bypassConsent":false,"dataSets":{},"apiTier":"Standard","isCustomApiConnection":false},"96c11e6d-d884-4794-ab8d-164531b15806":{"id":"4ae15560-95eb-4fe5-adcc-e6bf433996f2","displayName":"Excel","iconUri":"https://connectoricons-prod.azureedge.net/excel/icon_1.0.1352.2014.png","dataSources":["Schools","Validates","Surveys","QuestionGroups","QuestionItems","Questions","SurveyResults"],"dependencies":["22993cbd-94e4-4e62-9262-997fbda50091"],"dependents":[],"parameterHints":{"22993cbd-94e4-4e62-9262-997fbda50091":{"value":"fileSource"}},"isOnPremiseConnection":false,"bypassConsent":false,"dataSets":{"b!qfGEzVlJPkGsBqmbHtQ5xS3dAS3IMtdGv2JpmlPVHgoKf79_Kf4RQJjljpvLCtCn.01A3LFYVISOZYNX6MXYZA2KKT37MAR4JK3":{"dataSources":{"Schools":{"tableName":"Schools"},"Validates":{"tableName":"Validates"}}},"b!qfGEzVlJPkGsBqmbHtQ5xS3dAS3IMtdGv2JpmlPVHgoKf79_Kf4RQJjljpvLCtCn.01A3LFYVLENOVS2Q3P3NAKP64FYM7COVSN":{"dataSources":{"Surveys":{"tableName":"Surveys"}}},"b!qfGEzVlJPkGsBqmbHtQ5xS3dAS3IMtdGv2JpmlPVHgoKf79_Kf4RQJjljpvLCtCn.01A3LFYVJBNURPHIT5TNEZBLP7SHDHOXUX":{"dataSources":{"QuestionGroups":{"tableName":"QuestionGroups"},"QuestionItems":{"tableName":"QuestionItems"},"Questions":{"tableName":"Questions"}}},"b!qfGEzVlJPkGsBqmbHtQ5xS3dAS3IMtdGv2JpmlPVHgoKf79_Kf4RQJjljpvLCtCn.01A3LFYVKLRM3UI22IERBJMVNPB6WSPCM7":{"dataSources":{"SurveyResults":{"tableName":"SurveyResults"}}}},"apiTier":"Standard","isCustomApiConnection":false},"22993cbd-94e4-4e62-9262-997fbda50091":{"id":"2f2cfaee-7687-4e8d-ba67-15a58c52375e","displayName":"OneDrive for Business","iconUri":"https://connectoricons-prod.azureedge.net/onedriveforbusiness/icon_1.0.1341.1987.png","dataSources":[],"dependencies":[],"dependents":["96c11e6d-d884-4794-ab8d-164531b15806"],"parameterHints":{},"isOnPremiseConnection":false,"bypassConsent":false,"dataSets":{},"apiTier":"Standard","isCustomApiConnection":false},"f53a2164-067b-4463-93d9-bb2e51a7472e":{"id":"e6c90918-0b46-4bae-a240-3a99d615e1c9","displayName":"Logic flows","iconUri":"https://resourcestackdeploy.blob.core.windows.net/scripts/13276078.png","dataSources":["ConverJSONToCollection"],"dependencies":[],"dependents":[],"parameterHints":{"workflowName":{"value":"4589cc6b-2560-4f37-b8ea-04ea847eec7a"}},"isOnPremiseConnection":false,"bypassConsent":false,"dataSets":{},"apiTier":"Standard","isCustomApiConnection":false}},"databaseReferences":{},"almMode":"Environment","performanceOptimizationEnabled":true,"canConsumeAppPass":true},"isAppComponentLibrary":false,"appType":"ClassicCanvasApp","appComponents":[]}}