{"name":"3ba451e3-c22d-40cf-a178-15128c82cd40","id":"/providers/Microsoft.Flow/flows/3ba451e3-c22d-40cf-a178-15128c82cd40","type":"Microsoft.Flow/flows","properties":{"apiId":"/providers/Microsoft.PowerApps/apis/shared_logicflows","displayName":"ConverJSONToCollection","definition":{"metadata":{"workflowEntityId":null,"creator":{"id":"cdea7eed-b192-49b9-812b-151725d03227","type":"User","tenantId":"0534985e-032e-430a-9b95-60f5277b96f4"},"provisioningMethod":"FromDefinition","failureAlertSubscription":true,"clientLastModifiedTime":"2020-06-12T14:04:22.7484932Z"},"$schema":"https://schema.management.azure.com/providers/Microsoft.Logic/schemas/2016-06-01/workflowdefinition.json#","contentVersion":"1.0.0.0","parameters":{"$authentication":{"defaultValue":{},"type":"SecureObject"}},"triggers":{"manual":{"type":"Request","kind":"PowerApp","inputs":{"schema":{"type":"object","properties":{"Initializevariable_Value":{"type":"string","description":"Enter initial value","x-ms-powerflows-param-ispartial":false}},"required":["Initializevariable_Value"]}}}},"actions":{"Initialize_variable":{"runAfter":{},"type":"InitializeVariable","inputs":{"variables":[{"name":"answersJSON","type":"string","value":"@{triggerBody()['Initializevariable_Value']}"}]}},"Parse_JSON":{"runAfter":{"Initialize_variable":["Succeeded"]},"type":"ParseJson","inputs":{"content":"@variables('answersJSON')","schema":{"type":"array","items":{"type":"object","properties":{"Answers":{"type":"integer"},"Question":{"type":"integer"},"QuestionGroup":{"type":"integer"},"Score":{"type":"number"}},"required":["Answers","Question","QuestionGroup","Score"]}}}},"Response":{"runAfter":{"Select":["Succeeded"]},"type":"Response","kind":"Http","inputs":{"statusCode":200,"body":"@body('Select')","schema":{"type":"array","items":{"type":"object","properties":{"Answers":{"type":"integer"},"Question":{"type":"integer"},"QuestionGroup":{"type":"integer"},"Score":{"type":"number"}},"required":["Answers","Question","QuestionGroup","Score"]}}}},"Select":{"runAfter":{"Parse_JSON":["Succeeded"]},"type":"Select","inputs":{"from":"@body('Parse_JSON')","select":{"Answers":"@item()['Answers']","Question":"@item()['Question']","QuestionGroup":"@item()['QuestionGroup']","Score":"@item()['Score']"}}}}},"connectionReferences":{},"flowFailureAlertSubscribed":false}}